{"cameraMode":{"drawMode":0,"name":"Shaded","section":"Shading Mode"},"sceneLighting":false,"audioPlay":false,"sceneViewState":{"m_AlwaysRefresh":false,"showFog":true,"showSkybox":false,"showFlares":true,"showImageEffects":true,"showParticleSystems":true,"showVisualEffectGraphs":true,"m_FxEnabled":true},"in2DMode":false,"pivot":{"x":10.487424850463868,"y":3.758200168609619,"z":17.793804168701173},"rotation":{"x":0.06741410493850708,"y":0.032023265957832339,"z":-0.0021648388355970384,"w":0.9972099661827087},"size":4.950841903686523,"orthographic":false}